Lat,Long,Municipio,AreaKm2,Desmatado2007,Incremento20062007,Floresta2007,NaoObservado2007,NaoFloresta2007,Hidrografia2007,Fronteiras,MaiorQueAMÃ©dia
-2.8349,-57.83095,Urucurituba,2915,93.1,0.3,131.6,0.3,1689.6,1000.4,"['Boa Vista do Ramos', 'Barreirinha', 'Itapiranga', 'Itacoatiara', 'Parintins', 'Urucara', 'Silves', 'Nhamunda']",False
-1.24938,-58.78714,Urucara,28012,330.1,1.8,25346.0,2.0,423.0,646.4,"['Nhamunda', 'Urucurituba', 'Itapiranga', 'Sao Sebastiao do Uatuma', 'Presidente Figueiredo']",False
-3.20648,-65.43058,Uarini,10448,232.2,2.3,9369.4,2.2,100.3,431.8,"['Maraa', 'Fonte Boa', 'Jurua', 'Alvaraes', 'Tefe']",False
-2.57583,-67.47268,Tonantins,6619,80.7,1.1,4801.1,2.1,67.4,315.7,"['Japura', 'Santo Antonio do Ica', 'Fonte Boa', 'Jutai']",False
-4.41301,-65.57764,Tefe,24186,610.5,4.4,21175.1,3.8,168.9,724.7,"['Tapaua', 'Maraa', 'Carauari', 'Jurua', 'Alvaraes', 'Uarini']",True
-5.93398,-65.97188,Tapaua,90962,301.2,4.3,84519.5,2.0,2161.1,1501.4,"['Itamarati', 'Pauini', 'Labrea', 'Canutama', 'Carauari', 'Tefe', 'Coari', 'Anori', 'Beruri', 'Manicore', 'Humaita']",False
-4.02878,-69.69786,Tabatinga,3343,153.4,2.0,3103.0,33.3,1.3,52.0,"['Benjamin Constant', 'Santo Antonio do Ica', 'Sao Paulo de Olivenca']",False
-2.85099,-58.49614,Silves,3758,423.6,1.6,2167.2,1.1,128.7,598.7,"['Urucurituba', 'Itacoatiara', 'Itapiranga']",False
-1.89625,-58.81001,Sao Sebastiao do Uatuma,10776,190.1,1.8,9392.8,1.4,65.7,625.8,"['Urucara', 'Presidente Figueiredo', 'Itapiranga']",False
-4.73714,-69.52392,Sao Paulo de Olivenca,20467,174.3,1.3,17894.8,1.1,86.3,587.8,"['Benjamin Constant', 'Jutai', 'Tabatinga', 'Santo Antonio do Ica', 'Amatura']",False
0.35952,-68.17017,Sao Gabriel da Cachoeira,112476,1171.0,0.3,77255.7,392.8,489.6,1482.3,"['Japura', 'Santa Isabel do Rio Negro']",True
-3.08079,-69.06723,Santo Antonio do Ica,12737,131.1,1.2,11843.4,78.8,90.4,451.3,"['Sao Paulo de Olivenca', 'Tabatinga', 'Amatura', 'Tonantins', 'Jutai', 'Japura']",False
-0.25129,-64.98731,Santa Isabel do Rio Negro,64130,205.8,0.5,46459.0,77.5,950.8,628.3,"['Sao Gabriel da Cachoeira', 'Japura', 'Maraa', 'Barcelos']",False
-2.50853,-59.60122,Rio Preto da Eva,5838,552.5,3.4,5210.1,2.4,0.0,10.3,"['Itacoatiara', 'Manaus', 'Itapiranga', 'Presidente Figueiredo']",True
-0.65847,-60.17004,Presidente Figueiredo,25568,676.2,12.6,21182.7,8.8,1.1,3421.8,"['Rio Preto da Eva', 'Manaus', 'Novo Airao', 'Itapiranga', 'Sao Sebastiao do Uatuma', 'Urucara']",True
-7.76452,-68.19675,Pauini,42877,207.1,8.1,41206.1,2.2,23.7,261.8,"['Boca do Acre', 'Envira', 'Itamarati', 'Eirunepe', 'Tapaua', 'Labrea']",False
-2.78735,-56.68566,Parintins,5958,944.9,4.5,1378.4,2.5,1133.2,2281.2,"['Nhamunda', 'Urucurituba', 'Barreirinha']",True
-6.83379,-60.23604,Novo Aripuana,41452,797.5,44.8,38237.0,27.9,1620.2,742.6,"['Manicore', 'Apui', 'Borba']",True
-1.51628,-61.51599,Novo Airao,38114,111.5,1.1,34813.7,1.1,211.9,1358.7,"['Barcelos', 'Codajas', 'Caapiranga', 'Manacapuru', 'Manaus', 'Presidente Figueiredo']",False
-4.02487,-58.58633,Nova Olinda do Norte,5625,405.1,0.7,2773.0,1.9,281.0,431.0,"['Borba', 'Maues', 'Autazes', 'Itacoatiara']",False
-1.08094,-58.4439,Nhamunda,14132,455.2,2.4,11697.7,2.3,344.4,1107.8,"['Urucara', 'Urucurituba', 'Parintins', 'Maues']",False
-5.24148,-58.19462,Maues,40090,1259.7,14.1,28546.4,6.2,872.3,1294.9,"['Apui', 'Borba', 'Itacoatiara', 'Boa Vista do Ramos', 'Barreirinha', 'Nova Olinda do Norte']",True
-2.61234,-64.70305,Maraa,17221,105.0,0.4,14012.5,5.9,604.6,1846.7,"['Fonte Boa', 'Japura', 'Santa Isabel do Rio Negro', 'Barcelos', 'Codajas', 'Coari', 'Tefe', 'Uarini']",False
-6.78709,-61.11001,Manicore,48689,1427.5,39.4,42251.3,17.4,4146.5,826.8,"['Humaita', 'Tapaua', 'Beruri', 'Borba', 'Novo Aripuana']",True
-2.5729,-60.37242,Manaus,11473,1229.0,2.1,8682.2,3.1,3.0,1547.8,"['Manacapuru', 'Itacoatiara', 'Careiro', 'Careiro da Varzea', 'Iranduba', 'Manacapuru', 'Novo Airao', 'Presidente Figueiredo', 'Rio Preto da Eva']",True
-3.73889,-60.65552,Manaquiri,4001,488.0,0.4,3119.5,0.1,106.3,287.1,"['Manacapuru', 'Borba', 'Beruri', 'Iranduba', 'Manaus', 'Careiro']",False
-3.27671,-60.71178,Manacapuru,7381,754.4,2.2,4395.3,1.3,805.6,1423.0,"['Novo Airao', 'Caapiranga', 'Anama', 'Anori', 'Beruri', 'Manaquiri', 'Iranduba', 'Manaus']",True
-8.38295,-65.70994,Labrea,69672,3039.6,112.9,62740.9,8.7,1793.3,445.9,"['Boca do Acre', 'Pauini', 'Itamarati', 'Tapaua', 'Canutama']",True
-4.50575,-68.24058,Jutai,71756,224.3,1.0,61160.5,9.1,97.6,1161.5,"['Itamarati', 'Eirunepe', 'Benjamin Constant', 'Sao Paulo de Olivenca', 'Amatura', 'Santo Antonio do Ica', 'Tonantins', 'Fonte Boa', 'Jurua', 'Carauari']",False
-3.37471,-66.45025,Jurua,19849,140.3,1.0,17100.4,11.9,142.1,733.2,"['Carauari', 'Jutai', 'Fonte Boa', 'Uarini', 'Alvaraes', 'Tefe']",False
-1.38598,-68.79404,Japura,57555,50.6,0.4,48427.3,104.6,2.6,1520.2,"['Santo Antonio do Ica', 'Tonantins', 'Fonte Boa', 'Maraa', 'Santa Isabel do Rio Negro', 'Sao Gabriel da Cachoeira']",False
-2.54458,-58.65656,Itapiranga,4245,133.0,0.8,3613.3,0.7,155.6,172.4,"['Presidente Figueiredo', 'Sao Sebastiao do Uatuma', 'Urucara', 'Urucurituba', 'Silves', 'Rio Preto da Eva', 'Itacoatiara']",False
-6.72683,-67.90389,Itamarati,26042,118.7,2.1,24985.6,1.5,3.3,288.5,"['Envira', 'Eirunepe', 'Jutai', 'Carauari', 'Tapaua', 'Labrea', 'Pauini']",False
-3.13511,-58.81276,Itacoatiara,8927,1667.9,9.3,3950.1,3.8,829.3,1665.6,"['Autazes', 'Careiro da Varzea', 'Maues', 'Rio Preto da Eva', 'Nova Olinda do Norte', 'Manaus', 'Silves', 'Itapiranga', 'Urucurituba', 'Boa Vista do Ramos']",True
-3.08591,-60.66479,Iranduba,2229,462.8,3.8,1328.4,1.1,132.9,303.8,"['Novo Airao', 'Careiro', 'Careiro da Varzea', 'Manacapuru', 'Manaquiri', 'Manaus']",False
-7.14334,-71.42004,Ipixuna,12595,202.7,2.0,12254.9,0.6,66.6,70.2,"['Eirunepe', 'Benjamin Constant', 'Atalaia do Norte', 'Guajara']",False
-7.51084,-62.5992,Humaita,33428,640.6,13.3,28884.8,2.0,3116.3,784.2,"['Canutama', 'Tapaua', 'Manicore']",True
-7.25158,-72.74345,Guajara,7984,453.6,2.4,6978.4,0.0,206.9,7.2,"['Atalaia do Norte', 'Ipixuna']",False
-2.54594,-66.9133,Fonte Boa,12392,94.9,0.1,4418.7,3.4,154.1,812.5,"['Jutai', 'Jurua', 'Tonantins', 'Japura', 'Maraa', 'Uarini']",False
-7.61678,-70.19515,Envira,7793,229.7,9.7,7491.1,5.2,0.1,62.8,"['Pauini', 'Itamarati', 'Eirunepe']",False
-7.04074,-70.12601,Eirunepe,15608,361.0,1.2,14887.4,5.2,172.1,181.7,"['Benjamin Constant', 'Ipixuna', 'Envira', 'Itamarati', 'Jutai', 'Pauini']",False
-3.12907,-63.20401,Codajas,18944,257.6,2.4,16039.1,1.7,729.2,1440.8,"['Anama', 'Anori', 'Coari', 'Maraa', 'Barcelos', 'Novo Airao', 'Caapiranga']",False
-4.03545,-63.53466,Coari,58828,756.6,3.4,52018.6,2.5,823.1,2761.8,"['Maraa', 'Codajas', 'Tefe', 'Tapaua', 'Anori', 'Barcelos']",True
-3.30477,-59.55597,Careiro da Varzea,2641,475.1,9.4,791.0,0.8,707.8,628.0,"['Iranduba', 'Careiro', 'Manaus', 'Itacoatiara', 'Autazes']",False
-3.749,-60.14701,Careiro,6127,1087.2,2.5,4296.2,1.3,80.7,316.9,"['Iranduba', 'Manacapuru', 'Manaquiri', 'Borba', 'Autazes', 'Careiro da Varzea', 'Manaus']",True
-5.17242,-67.49476,Carauari,26469,287.1,1.5,24010.3,7.1,12.7,399.9,"['Tefe', 'Alvaraes', 'Jurua', 'Jutai', 'Itamarati', 'Tapaua']",False
-7.45596,-63.90278,Canutama,30278,848.1,42.2,28131.8,5.3,988.3,296.8,"['Labrea', 'Tapaua', 'Humaita']",True
-3.0546,-61.93934,Caapiranga,9550,232.1,1.2,8564.7,0.6,181.9,427.6,"['Anama', 'Manacapuru', 'Novo Airao', 'Codajas']",False
-5.33176,-59.23777,Borba,44452,503.5,1.1,38485.0,13.0,586.5,1838.7,"['Maues', 'Nova Olinda do Norte', 'Autazes', 'Careiro', 'Manaquiri', 'Beruri', 'Manicore', 'Novo Aripuana', 'Apui']",False
-8.81858,-68.00168,Boca do Acre,22595,1939.3,34.1,20392.7,1.9,58.4,124.0,"['Pauini', 'Labrea']",True
-3.15669,-57.90464,Boa Vista do Ramos,2588,200.4,1.3,1127.4,1.0,852.8,405.7,"['Maues', 'Barreirinha', 'Urucurituba', 'Itacoatiara']",False
-4.54242,-61.73805,Beruri,17411,201.1,0.5,15660.8,2.6,886.1,572.8,"['Manicore', 'Tapaua', 'Anori', 'Anama', 'Manacapuru', 'Manaquiri']",False
-5.49767,-70.32124,Benjamin Constant,9146,185.5,2.6,8738.4,17.3,0.0,204.8,"['Atalaia do Norte', 'Ipixuna', 'Eirunepe', 'Jutai', 'Sao Paulo de Olivenca', 'Tabatinga']",False
-3.13292,-57.23915,Barreirinha,5760,754.1,4.6,3451.7,2.2,408.6,956.1,"['Maues', 'Boa Vista do Ramos', 'Urucurituba', 'Parintins']",True
-0.14071,-63.18572,Barcelos,124163,195.5,1.2,89627.4,78.6,17060.1,4499.9,"['Santa Isabel do Rio Negro', 'Novo Airao', 'Maraa', 'Codajas', 'Coari']",False
-3.83163,-59.45109,Autazes,7636,1162.7,18.0,3404.4,3.6,464.3,1015.9,"['Manaus', 'Careiro', 'Careiro da Varzea', 'Borba', 'Itacoatiara', 'Nova Olinda do Norte']",True
-5.67098,-71.72825,Atalaia do Norte,80005,232.1,1.5,76444.2,333.1,16.5,395.9,"['Benjamin Constant', 'Guajara', 'Ipixuna']",False
-7.59202,-59.44152,Apui,54490,1550.3,94.0,51780.9,15.1,625.0,204.2,"['Novo Aripuana', 'Borba', 'Maues']",True
-4.15477,-62.08065,Anori,5852,77.7,0.0,4469.5,0.6,640.6,434.7,"['Beruri', 'Tapaua', 'Coari', 'Codajas', 'Anama']",False
-3.47332,-61.6709,Anama,2473,192.8,0.5,1941.3,0.4,34.6,219.0,"['Manacapuru', 'Beruri', 'Anori', 'Codajas', 'Caapiranga']",False
-3.42104,-68.34925,Amatura,4903,110.5,0.1,4131.7,0.3,222.4,213.6,"['Sao Paulo de Olivenca', 'Jutai', 'Santo Antonio do Ica']",False
-3.67425,-65.34586,Alvaraes,6027,300.4,2.1,4774.7,1.8,38.0,127.6,"['Tefe', 'Carauari', 'Jurua', 'Uarini']",False
